[{"model": "buyers.buyer", "pk": 1, "fields": {"username": "mild_zuema", "password": "b5810545866", "first_name": "Nutcharueta", "last_name": "Sihirunwong", "address": "112/31, Ladprao, Bangkok, 10900"}}, {"model": "buyers.buyer", "pk": 2, "fields": {"username": "kie_zuema", "password": "b5810546013", "first_name": "Rakkan", "last_name": "Tiasakul", "address": "235/51, Bangkhen, Bangkok, 10500"}}, {"model": "buyers.buyer", "pk": 3, "fields": {"username": "thung_zuema", "password": "b5810546617", "first_name": "Jirayut", "last_name": "Leeupathumvong", "address": "43/2, Samutprakan, 20100"}}, {"model": "buyers.buyer", "pk": 4, "fields": {"username": "babe_zuema", "password": "b5810546641", "first_name": "Nutthapol", "last_name": "Sinthaveelert", "address": "5/15, Bang Rak, Bangkok, 10500"}}, {"model": "buyers.buyer", "pk": 5, "fields": {"username": "nune_zuema", "password": "b5810546676", "first_name": "Tunya", "last_name": "Wittayasiripaiboon", "address": "222/34, Chatujak, Bangkok, 10900"}}, {"model": "buyers.cart", "pk": 1, "fields": {"buyer": 1, "is_purchased": true}}, {"model": "buyers.cart", "pk": 2, "fields": {"buyer": 2, "is_purchased": true}}, {"model": "buyers.cart", "pk": 3, "fields": {"buyer": 3, "is_purchased": true}}, {"model": "buyers.cart", "pk": 4, "fields": {"buyer": 5, "is_purchased": true}}, {"model": "buyers.cart", "pk": 5, "fields": {"buyer": 4, "is_purchased": true}}, {"model": "buyers.cart", "pk": 6, "fields": {"buyer": 1, "is_purchased": true}}, {"model": "buyers.cart", "pk": 7, "fields": {"buyer": 2, "is_purchased": true}}, {"model": "buyers.cart", "pk": 8, "fields": {"buyer": 3, "is_purchased": true}}, {"model": "buyers.cart", "pk": 9, "fields": {"buyer": 5, "is_purchased": true}}, {"model": "buyers.cart", "pk": 10, "fields": {"buyer": 4, "is_purchased": true}}, {"model": "buyers.cart", "pk": 11, "fields": {"buyer": 1, "is_purchased": true}}, {"model": "buyers.cart", "pk": 12, "fields": {"buyer": 2, "is_purchased": true}}, {"model": "buyers.cart", "pk": 13, "fields": {"buyer": 3, "is_purchased": true}}, {"model": "buyers.cart", "pk": 14, "fields": {"buyer": 5, "is_purchased": true}}, {"model": "buyers.cart", "pk": 15, "fields": {"buyer": 4, "is_purchased": true}}, {"model": "buyers.cart", "pk": 16, "fields": {"buyer": 1, "is_purchased": true}}, {"model": "buyers.cart", "pk": 17, "fields": {"buyer": 2, "is_purchased": true}}, {"model": "buyers.cart", "pk": 18, "fields": {"buyer": 3, "is_purchased": true}}, {"model": "buyers.cart", "pk": 19, "fields": {"buyer": 5, "is_purchased": true}}, {"model": "buyers.cart", "pk": 20, "fields": {"buyer": 4, "is_purchased": true}}, {"model": "buyers.cart", "pk": 21, "fields": {"buyer": 1, "is_purchased": true}}, {"model": "buyers.cart", "pk": 22, "fields": {"buyer": 2, "is_purchased": true}}, {"model": "buyers.cart", "pk": 23, "fields": {"buyer": 2, "is_purchased": false}}, {"model": "buyers.cart", "pk": 24, "fields": {"buyer": 1, "is_purchased": false}}, {"model": "buyers.cart", "pk": 25, "fields": {"buyer": 3, "is_purchased": true}}, {"model": "buyers.cart", "pk": 26, "fields": {"buyer": 3, "is_purchased": false}}, {"model": "buyers.cart", "pk": 27, "fields": {"buyer": 5, "is_purchased": true}}, {"model": "buyers.cart", "pk": 28, "fields": {"buyer": 4, "is_purchased": true}}, {"model": "buyers.productcart", "pk": 1, "fields": {"product": 1, "cart": 1, "num_items": 2}}, {"model": "buyers.productcart", "pk": 2, "fields": {"product": 5, "cart": 1, "num_items": 3}}, {"model": "buyers.productcart", "pk": 3, "fields": {"product": 2, "cart": 1, "num_items": 1}}, {"model": "buyers.productcart", "pk": 4, "fields": {"product": 11, "cart": 1, "num_items": 1}}, {"model": "buyers.productcart", "pk": 5, "fields": {"product": 26, "cart": 2, "num_items": 1}}, {"model": "buyers.productcart", "pk": 6, "fields": {"product": 27, "cart": 2, "num_items": 2}}, {"model": "buyers.productcart", "pk": 7, "fields": {"product": 12, "cart": 3, "num_items": 1}}, {"model": "buyers.productcart", "pk": 8, "fields": {"product": 47, "cart": 4, "num_items": 2}}, {"model": "buyers.productcart", "pk": 9, "fields": {"product": 48, "cart": 4, "num_items": 1}}, {"model": "buyers.productcart", "pk": 10, "fields": {"product": 50, "cart": 4, "num_items": 2}}, {"model": "buyers.productcart", "pk": 11, "fields": {"product": 49, "cart": 4, "num_items": 1}}, {"model": "buyers.productcart", "pk": 12, "fields": {"product": 20, "cart": 5, "num_items": 2}}, {"model": "buyers.productcart", "pk": 13, "fields": {"product": 22, "cart": 5, "num_items": 1}}, {"model": "buyers.productcart", "pk": 14, "fields": {"product": 68, "cart": 5, "num_items": 1}}, {"model": "buyers.productcart", "pk": 15, "fields": {"product": 63, "cart": 5, "num_items": 1}}, {"model": "buyers.productcart", "pk": 16, "fields": {"product": 1, "cart": 6, "num_items": 2}}, {"model": "buyers.productcart", "pk": 17, "fields": {"product": 5, "cart": 6, "num_items": 3}}, {"model": "buyers.productcart", "pk": 18, "fields": {"product": 2, "cart": 6, "num_items": 1}}, {"model": "buyers.productcart", "pk": 19, "fields": {"product": 11, "cart": 6, "num_items": 1}}, {"model": "buyers.productcart", "pk": 20, "fields": {"product": 26, "cart": 7, "num_items": 1}}, {"model": "buyers.productcart", "pk": 21, "fields": {"product": 27, "cart": 7, "num_items": 2}}, {"model": "buyers.productcart", "pk": 22, "fields": {"product": 12, "cart": 8, "num_items": 1}}, {"model": "buyers.productcart", "pk": 23, "fields": {"product": 47, "cart": 9, "num_items": 2}}, {"model": "buyers.productcart", "pk": 24, "fields": {"product": 48, "cart": 9, "num_items": 1}}, {"model": "buyers.productcart", "pk": 25, "fields": {"product": 50, "cart": 9, "num_items": 2}}, {"model": "buyers.productcart", "pk": 26, "fields": {"product": 49, "cart": 9, "num_items": 1}}, {"model": "buyers.productcart", "pk": 27, "fields": {"product": 20, "cart": 10, "num_items": 2}}, {"model": "buyers.productcart", "pk": 28, "fields": {"product": 22, "cart": 10, "num_items": 1}}, {"model": "buyers.productcart", "pk": 29, "fields": {"product": 68, "cart": 10, "num_items": 1}}, {"model": "buyers.productcart", "pk": 30, "fields": {"product": 63, "cart": 10, "num_items": 1}}, {"model": "buyers.productcart", "pk": 31, "fields": {"product": 1, "cart": 11, "num_items": 2}}, {"model": "buyers.productcart", "pk": 32, "fields": {"product": 5, "cart": 11, "num_items": 3}}, {"model": "buyers.productcart", "pk": 33, "fields": {"product": 2, "cart": 11, "num_items": 1}}, {"model": "buyers.productcart", "pk": 34, "fields": {"product": 11, "cart": 11, "num_items": 1}}, {"model": "buyers.productcart", "pk": 35, "fields": {"product": 26, "cart": 12, "num_items": 1}}, {"model": "buyers.productcart", "pk": 36, "fields": {"product": 27, "cart": 12, "num_items": 2}}, {"model": "buyers.productcart", "pk": 37, "fields": {"product": 12, "cart": 13, "num_items": 1}}, {"model": "buyers.productcart", "pk": 38, "fields": {"product": 47, "cart": 14, "num_items": 2}}, {"model": "buyers.productcart", "pk": 39, "fields": {"product": 48, "cart": 14, "num_items": 1}}, {"model": "buyers.productcart", "pk": 40, "fields": {"product": 50, "cart": 14, "num_items": 2}}, {"model": "buyers.productcart", "pk": 41, "fields": {"product": 49, "cart": 14, "num_items": 1}}, {"model": "buyers.productcart", "pk": 42, "fields": {"product": 20, "cart": 15, "num_items": 2}}, {"model": "buyers.productcart", "pk": 43, "fields": {"product": 22, "cart": 15, "num_items": 1}}, {"model": "buyers.productcart", "pk": 44, "fields": {"product": 68, "cart": 15, "num_items": 1}}, {"model": "buyers.productcart", "pk": 45, "fields": {"product": 63, "cart": 15, "num_items": 1}}, {"model": "buyers.productcart", "pk": 46, "fields": {"product": 1, "cart": 16, "num_items": 2}}, {"model": "buyers.productcart", "pk": 47, "fields": {"product": 5, "cart": 16, "num_items": 3}}, {"model": "buyers.productcart", "pk": 48, "fields": {"product": 2, "cart": 16, "num_items": 1}}, {"model": "buyers.productcart", "pk": 49, "fields": {"product": 11, "cart": 16, "num_items": 1}}, {"model": "buyers.productcart", "pk": 50, "fields": {"product": 26, "cart": 17, "num_items": 1}}, {"model": "buyers.productcart", "pk": 51, "fields": {"product": 27, "cart": 17, "num_items": 2}}, {"model": "buyers.productcart", "pk": 52, "fields": {"product": 12, "cart": 18, "num_items": 1}}, {"model": "buyers.productcart", "pk": 53, "fields": {"product": 47, "cart": 19, "num_items": 2}}, {"model": "buyers.productcart", "pk": 54, "fields": {"product": 48, "cart": 19, "num_items": 1}}, {"model": "buyers.productcart", "pk": 55, "fields": {"product": 50, "cart": 19, "num_items": 2}}, {"model": "buyers.productcart", "pk": 56, "fields": {"product": 49, "cart": 19, "num_items": 1}}, {"model": "buyers.productcart", "pk": 57, "fields": {"product": 20, "cart": 20, "num_items": 2}}, {"model": "buyers.productcart", "pk": 58, "fields": {"product": 22, "cart": 20, "num_items": 1}}, {"model": "buyers.productcart", "pk": 59, "fields": {"product": 68, "cart": 20, "num_items": 1}}, {"model": "buyers.productcart", "pk": 60, "fields": {"product": 63, "cart": 20, "num_items": 1}}, {"model": "buyers.productcart", "pk": 61, "fields": {"product": 1, "cart": 21, "num_items": 2}}, {"model": "buyers.productcart", "pk": 62, "fields": {"product": 5, "cart": 21, "num_items": 3}}, {"model": "buyers.productcart", "pk": 63, "fields": {"product": 2, "cart": 21, "num_items": 1}}, {"model": "buyers.productcart", "pk": 64, "fields": {"product": 11, "cart": 21, "num_items": 1}}, {"model": "buyers.productcart", "pk": 65, "fields": {"product": 26, "cart": 22, "num_items": 1}}, {"model": "buyers.productcart", "pk": 66, "fields": {"product": 27, "cart": 22, "num_items": 2}}, {"model": "buyers.productcart", "pk": 67, "fields": {"product": 42, "cart": 23, "num_items": 1}}, {"model": "buyers.productcart", "pk": 68, "fields": {"product": 33, "cart": 23, "num_items": 2}}, {"model": "buyers.productcart", "pk": 69, "fields": {"product": 20, "cart": 24, "num_items": 1}}, {"model": "buyers.productcart", "pk": 70, "fields": {"product": 38, "cart": 23, "num_items": 1}}, {"model": "buyers.productcart", "pk": 71, "fields": {"product": 12, "cart": 25, "num_items": 1}}, {"model": "buyers.productcart", "pk": 72, "fields": {"product": 19, "cart": 24, "num_items": 1}}, {"model": "buyers.productcart", "pk": 73, "fields": {"product": 13, "cart": 26, "num_items": 1}}, {"model": "buyers.productcart", "pk": 74, "fields": {"product": 15, "cart": 26, "num_items": 1}}, {"model": "buyers.productcart", "pk": 75, "fields": {"product": 47, "cart": 27, "num_items": 2}}, {"model": "buyers.productcart", "pk": 76, "fields": {"product": 48, "cart": 27, "num_items": 1}}, {"model": "buyers.productcart", "pk": 77, "fields": {"product": 50, "cart": 27, "num_items": 2}}, {"model": "buyers.productcart", "pk": 78, "fields": {"product": 49, "cart": 27, "num_items": 1}}, {"model": "buyers.productcart", "pk": 79, "fields": {"product": 20, "cart": 28, "num_items": 2}}, {"model": "buyers.productcart", "pk": 80, "fields": {"product": 22, "cart": 28, "num_items": 1}}, {"model": "buyers.productcart", "pk": 81, "fields": {"product": 68, "cart": 28, "num_items": 1}}, {"model": "buyers.productcart", "pk": 82, "fields": {"product": 63, "cart": 28, "num_items": 1}}, {"model": "buyers.purchase", "pk": 1, "fields": {"buyer": 1, "cart": 1, "is_shipped": false, "timestamp": "2017-01-03"}}, {"model": "buyers.purchase", "pk": 2, "fields": {"buyer": 2, "cart": 2, "is_shipped": false, "timestamp": "2017-01-04"}}, {"model": "buyers.purchase", "pk": 3, "fields": {"buyer": 3, "cart": 3, "is_shipped": false, "timestamp": "2017-01-30"}}, {"model": "buyers.purchase", "pk": 4, "fields": {"buyer": 5, "cart": 4, "is_shipped": false, "timestamp": "2017-02-17"}}, {"model": "buyers.purchase", "pk": 5, "fields": {"buyer": 4, "cart": 5, "is_shipped": false, "timestamp": "2017-03-04"}}, {"model": "buyers.purchase", "pk": 6, "fields": {"buyer": 1, "cart": 6, "is_shipped": false, "timestamp": "2017-03-04"}}, {"model": "buyers.purchase", "pk": 7, "fields": {"buyer": 2, "cart": 7, "is_shipped": false, "timestamp": "2017-06-14"}}, {"model": "buyers.purchase", "pk": 8, "fields": {"buyer": 3, "cart": 8, "is_shipped": false, "timestamp": "2017-07-15"}}, {"model": "buyers.purchase", "pk": 9, "fields": {"buyer": 5, "cart": 9, "is_shipped": false, "timestamp": "2017-07-19"}}, {"model": "buyers.purchase", "pk": 10, "fields": {"buyer": 4, "cart": 10, "is_shipped": false, "timestamp": "2017-07-20"}}, {"model": "buyers.purchase", "pk": 11, "fields": {"buyer": 1, "cart": 11, "is_shipped": false, "timestamp": "2017-07-20"}}, {"model": "buyers.purchase", "pk": 12, "fields": {"buyer": 2, "cart": 12, "is_shipped": false, "timestamp": "2017-07-28"}}, {"model": "buyers.purchase", "pk": 13, "fields": {"buyer": 3, "cart": 13, "is_shipped": false, "timestamp": "2017-07-31"}}, {"model": "buyers.purchase", "pk": 14, "fields": {"buyer": 5, "cart": 14, "is_shipped": false, "timestamp": "2017-08-01"}}, {"model": "buyers.purchase", "pk": 15, "fields": {"buyer": 4, "cart": 15, "is_shipped": false, "timestamp": "2017-08-12"}}, {"model": "buyers.purchase", "pk": 16, "fields": {"buyer": 1, "cart": 16, "is_shipped": false, "timestamp": "2017-08-14"}}, {"model": "buyers.purchase", "pk": 17, "fields": {"buyer": 2, "cart": 17, "is_shipped": false, "timestamp": "2017-08-14"}}, {"model": "buyers.purchase", "pk": 18, "fields": {"buyer": 3, "cart": 20, "is_shipped": false, "timestamp": "2017-08-29"}}, {"model": "buyers.purchase", "pk": 19, "fields": {"buyer": 5, "cart": 22, "is_shipped": false, "timestamp": "2017-09-02"}}, {"model": "buyers.purchase", "pk": 20, "fields": {"buyer": 4, "cart": 15, "is_shipped": false, "timestamp": "2017-09-13"}}, {"model": "buyers.purchase", "pk": 21, "fields": {"buyer": 1, "cart": 16, "is_shipped": false, "timestamp": "2017-09-28"}}, {"model": "buyers.purchase", "pk": 22, "fields": {"buyer": 2, "cart": 17, "is_shipped": false, "timestamp": "2017-09-30"}}, {"model": "buyers.purchase", "pk": 23, "fields": {"buyer": 3, "cart": 20, "is_shipped": false, "timestamp": "2017-10-01"}}, {"model": "buyers.purchase", "pk": 24, "fields": {"buyer": 5, "cart": 22, "is_shipped": false, "timestamp": "2017-10-02"}}, {"model": "buyers.purchase", "pk": 25, "fields": {"buyer": 4, "cart": 23, "is_shipped": false, "timestamp": "2017-10-05"}}]